StilOrAnim,BlendMode,TileSize,TileNumX, TileNumY,PlacementOffsetX, PlacementOffsetY,CameraWeightX, CameraWeightY,Illum_UseAlphaChannel,Illum_UseBloom,Illum_UseBlur,Illum_UseMono,Illum_UseHsb,Illum_UseLevel,Illum_BloomAlpha,Illum_BloomRatio,Illum_BloomHreshold,Illum_BlurAlpha,Illum_BlurRatio,Illum_MonoCb,Illum_MonoCr,Illum_HsbBright,Illum_HsbHue,Illum_HsbSaturation,Illum_LevelMin,Illum_LevelMax,Illum_LevelGamma,Illum_LevelAfterMin,Illum_LevelAfterMax
0,0,32,40,25,0,0,1.000000,1.000000,1,0,0,0,0,0,1.000000,1200,230,0.000000,1200,0,0,0,0,0,0,255,100,0,255,
0,0,32,40,25,0,0,1.000000,1.000000,1,0,0,0,0,0,1.000000,1200,230,0.000000,1200,0,0,0,0,0,0,255,100,0,255,
0,0,32,40,25,0,0,1.000000,1.000000,1,0,0,0,0,0,1.000000,1200,230,0.000000,1200,0,0,0,0,0,0,255,100,0,255,
0,0,32,40,25,0,0,1.000000,1.000000,1,0,0,0,0,0,1.000000,1200,230,0.000000,1200,0,0,0,0,0,0,255,100,0,255,
0,0,128,10,7,0,0,1.000000,1.000000,1,0,0,0,0,0,1.000000,1200,230,0.000000,1200,0,0,0,0,0,0,255,100,0,255,
0,0,128,10,7,50,-50,1.000000,1.000000,1,0,0,0,0,0,1.000000,1200,230,0.000000,1200,0,0,0,0,0,0,255,100,0,255,
0,0,96,13,9,0,0,1.000000,1.000000,1,0,0,0,0,0,1.000000,1200,230,0.000000,1200,0,0,0,0,0,0,255,100,0,255,
1,1,32,40,25,0,0,1.000000,1.000000,1,1,0,0,0,0,0.992000,98,237,0.000000,1200,0,0,0,0,0,0,255,100,0,255,
1,1,32,40,25,-15,0,1.000000,1.000000,1,1,0,0,0,0,1.000000,1200,230,0.000000,1200,0,0,0,0,0,0,255,100,0,255